statement,hash,behavior,everyday,figure_of_speech,judgment,opinion,reasoning,statement_id,i_agree,i_agree_probability,others_agree,others_agree_probability,statement_r,awareness,consensus,commonsensicality,nlp_score
A rising tide lifts all boats.,f7d16a69eb,False,False,False,True,True,False,942,yes,0.7057849766216521,yes,0.9989677662658608,A rising tide lifts all boats.,0.7068172103557913,0.1693898264126955,0.346016827000759,A rising tide lifts all boats.
It's always darkest before the dawn.,cbaa77873a,False,False,False,True,True,False,261,no,0.8933093273661606,yes,0.9947798839025516,It's always darkest before the dawn.,0.8985294434636091,0.6187689079728869,0.7456420605850123,It's always darkest before the dawn.
Speak softly and carry a big stick.,a57ffa00e1,False,False,False,True,True,False,752,yes,0.9984988176821455,yes,0.835483535963456,Speak softly and carry a big stick.,0.8369847182813105,0.9940042849219879,0.9121219196937685,Speak softly and carry a big stick.
An apple a day keeps the doctor away,2339658d13,False,False,False,True,True,False,1246,no,0.9933071519876201,yes,0.9999785550846019,An apple a day keeps the doctor away,0.9933285969030182,0.9734077848085476,0.9833177457456718,An apple a day keeps the doctor away
Through thick and thin.,cc86d19c2c,False,False,False,True,True,False,1002,yes,0.9971985739642171,yes,0.9995121408125777,Through thick and thin.,0.9976864331516394,0.9888256878082041,0.9932461796946837,Through thick and thin.
Every rose has its thorn,688edb9f57,False,False,False,True,True,False,1252,yes,0.9997388098601713,yes,0.9999339479142451,Every rose has its thorn,0.9998048619459262,0.9989555123218417,0.999380096903606,Every rose has its thorn
Time is a healer.,e27a8566e8,False,False,False,True,True,False,1515,yes,0.9999546021931723,yes,0.999986992883646,Time is a healer.,0.9999676093095263,0.9998184170165328,0.9998930103804393,Time is a healer.
All roads lead to Rome.,fdc55e027e,False,False,False,True,True,False,430,no,0.9999810748521201,no,0.9999417087705273,All roads lead to Rome.,0.9999606339184073,0.9999243008411252,0.9999424672147451,All roads lead to Rome.
Make hay while the sun shines.,12b8b619cc,False,False,False,True,True,False,402,yes,0.9999997300423857,yes,0.9999810748516001,Make hay while the sun shines.,0.9999813448092144,0.9999989201698345,0.9999901324509124,Make hay while the sun shines.
The squeaky wheel gets the grease,a6e241ed00,False,False,False,True,True,False,1297,yes,0.9999995549151447,yes,0.9999997617632441,The squeaky wheel gets the grease,0.9999997931519006,0.9999982196613711,0.9999990064063263,The squeaky wheel gets the grease
Traveling broadens perspectives.,19edf93790,False,False,False,True,True,False,1944,yes,0.999999814461039,yes,0.999999963465176,Traveling broadens perspectives.,0.9999998509958631,0.9999992578442938,0.9999995544200344,Traveling broadens perspectives.
People in glass houses shouldn't throw stones.,dc6c048f3a,False,False,False,True,True,False,161,yes,0.9999998555019709,yes,0.9999999226557759,People in glass houses shouldn't throw stones.,0.999999932846195,0.9999994220079671,0.9999996774270484,People in glass houses shouldn't throw stones.
Half a loaf is better than none.,ac9f4bc101,False,False,False,True,True,False,362,yes,0.9999999397642606,yes,0.9999999468421461,Half a loaf is better than none.,0.9999999929221145,0.999999759057057,0.9999998759895788,Half a loaf is better than none.
Learn to walk before you run.,ceb378cb3d,False,False,False,True,True,False,630,yes,0.99999996775813,yes,0.9999999804443174,Learn to walk before you run.,0.9999999873138127,0.9999998710325243,0.9999999291731668,Learn to walk before you run.
Don't run with scissors.,eac464863e,False,False,False,True,True,False,970,yes,0.9999999936511996,yes,0.9999999895325977,Don't run with scissors.,0.9999999958813981,0.9999999746047986,0.9999999852430983,Don't run with scissors.
Fish rots from the head down.,5a73d90137,False,True,False,False,False,False,763,yes,0.5000000539594854,no,0.9953904313920879,Fish rots from the head down.,0.5046096225673975,1.1657341758564144e-14,7.669685016301656e-08,Fish rots from the head down.
Bread always falls butter side down.,8e9ee32403,False,True,False,False,False,False,437,no,0.9998911031792127,no,0.9465966420524139,Bread always falls butter side down.,0.9467055388732012,0.9995644601509212,0.9727760332603175,Bread always falls butter side down.
Strawberries are sweet.,c545cbdca8,False,True,False,False,False,False,1491,yes,0.9995694432220401,yes,0.9999646437696014,Strawberries are sweet.,0.9996047994524387,0.9982785144047166,0.998941436816596,Strawberries are sweet.
Birds fly south for the winter.,678938f433,False,True,False,False,False,False,1717,yes,0.9999921107451646,yes,0.9999910603125767,Birds fly south for the winter.,0.9999989495674121,0.9999684432296198,0.9999836962821844,Birds fly south for the winter.
"When you viral, you yourself viral multiply.",68cef09777,False,True,False,False,False,False,405,no,0.9999977396773927,no,0.9999945777888402,"When you viral, you yourself viral multiply.",0.9999968381114475,0.999990958730007,0.9999938984164063,"When you viral, you yourself viral multiply."
Mountains are larger than hills.,57f339dc78,False,True,False,False,False,False,1923,yes,0.9999994956527968,yes,0.9999999397642596,Mountains are larger than hills.,0.9999995558885372,0.9999979826122046,0.9999987692500615,Mountains are larger than hills.
Planes fly in the sky.,adfc796681,False,True,False,False,False,False,1927,yes,0.9999997617632164,yes,0.9999999881388784,Planes fly in the sky.,0.999999773624338,0.9999990470530925,0.9999994103386493,Planes fly in the sky.
The heart pumps blood through the body.,e8d72cc870,False,True,False,False,False,False,1600,yes,0.9999998555019707,yes,0.9999999778405079,The heart pumps blood through the body.,0.9999998776614628,0.9999994220079662,0.9999996498346886,The heart pumps blood through the body.
Storms bring rain.,6312bba708,False,True,False,False,False,False,2071,yes,0.9999999006880488,yes,0.999999872480926,Storms bring rain.,0.9999999717928773,0.9999996027522345,0.9999997872725389,Storms bring rain.
Light travels faster than sound.,d5fc49d41d,False,True,False,False,False,False,1498,yes,0.9999999530883594,yes,0.9999999006880501,Light travels faster than sound.,0.9999999475996907,0.9999998123534465,0.9999998799765664,Light travels faster than sound.
Babies cry when they are hungry.,d368902f42,False,True,False,False,False,False,1877,yes,0.999999977840508,yes,0.9999999468421441,Babies cry when they are hungry.,0.9999999690016361,0.9999999113620339,0.9999999401818346,Babies cry when they are hungry.
Plants need water.,217b2cda33,False,True,False,False,False,False,1527,yes,0.9999999881388787,yes,0.9999999847700183,Plants need water.,0.9999999966311396,0.9999999525555153,0.9999999745933272,Plants need water.
Fire burns.,dc9f8a40ef,False,True,False,False,False,False,1380,yes,0.999999996601732,yes,0.9999999804443171,Fire burns.,0.9999999838425851,0.999999986406928,0.9999999851247566,Fire burns.
Electricity can be dangerous.,ba489c9575,False,True,False,False,False,False,1416,yes,0.9999999970010389,yes,0.9999999936511995,Electricity can be dangerous.,0.9999999966501606,0.9999999880041557,0.9999999923271581,Electricity can be dangerous.
Humans need water to survive.,6477bc9ff1,False,True,False,False,False,False,1872,yes,1.0,yes,0.9999999961492576,Humans need water to survive.,0.9999999961492576,1.0,0.9999999980746288,Humans need water to survive.
Cats can see in the dark.,c798cfa0dc,False,True,False,True,False,False,1407,no,0.5621762546373933,yes,0.984093617298548,Cats can see in the dark.,0.5780826373388452,0.015463546562935915,0.0945473837803777,Cats can see in the dark.
Bite the bullet.,c407725bc3,False,True,False,True,False,False,635,no,0.8933097810474271,no,0.9859363668024574,Bite the bullet.,0.9073734142449696,0.6187703354703001,0.7493035112217155,Bite the bullet.
Apple pie is tasty.,a60b4eb8d3,False,True,False,True,False,False,1506,yes,0.9988304901074487,yes,0.9999980052722512,Apple pie is tasty.,0.9988324848351975,0.99532743144335,0.9970784179658068,Apple pie is tasty.
Bitter pills may have wholesome effects.,74a09f68b8,False,True,False,True,False,False,358,yes,0.9999885212369435,yes,0.9998766054934034,Bitter pills may have wholesome effects.,0.9998880842564599,0.9999540854748219,0.9999210843210778,Bitter pills may have wholesome effects.
Morning routines improve productivity.,6ac830ba88,False,True,False,True,False,False,1452,yes,0.9999970976906264,yes,0.9999977396792846,Morning routines improve productivity.,0.9999993580113418,0.9999883907961992,0.9999938743887353,Morning routines improve productivity.
Most people brush their teeth daily.,534f7f4402,False,True,False,True,False,False,1166,yes,0.9999995549155666,yes,0.9999987901351091,Most people brush their teeth daily.,0.9999992352195425,0.9999982196630587,0.9999987274411717,Most people brush their teeth daily.
Driving requires a license.,5a0b017b0a,False,True,False,True,False,False,1941,yes,0.9999998144608542,yes,0.999999495653167,Driving requires a license.,0.9999996811923129,0.9999992578435544,0.9999994695179112,Driving requires a license.
Taking breaks boosts productivity.,bdc63c8e6f,False,True,False,True,False,False,1690,yes,0.9999998555021131,yes,0.9999997897568268,Taking breaks boosts productivity.,0.9999999342547137,0.999999422008536,0.999999678131592,Taking breaks boosts productivity.
Fast food is unhealthy.,7bec36c32a,False,True,False,True,False,False,1656,yes,0.9999999317439621,yes,0.9999998724810537,Fast food is unhealthy.,0.9999999407370916,0.9999997269758669,0.9999998338564736,Fast food is unhealthy.
Dreaming happens during sleep.,a01d3f973f,False,True,False,True,False,False,1951,yes,0.9999999865595894,yes,0.9999999006880443,Dreaming happens during sleep.,0.9999999141284549,0.9999999462383585,0.9999999301834066,Dreaming happens during sleep.
Electricity powers homes.,fe0002feb9,False,True,False,True,False,False,1038,yes,0.9999999804443181,yes,0.9999999847700188,Electricity powers homes.,0.9999999956742993,0.9999999217772741,0.9999999587257861,Electricity powers homes.
Noise can be bothersome.,4f715a5205,False,True,False,True,False,False,1756,yes,0.9999999881388784,yes,0.9999999950555492,Noise can be bothersome.,0.9999999930833292,0.999999952555514,0.9999999728194214,Noise can be bothersome.
Reading regularly can improve literacy.,b5b4ab8fe3,False,True,False,True,False,False,1018,yes,0.9999999928058673,yes,0.9999999976644067,Reading regularly can improve literacy.,0.9999999951414605,0.9999999712234693,0.9999999831824649,Reading regularly can improve literacy.
Facial expressions convey a lot of information.,a8ff5e24c2,False,True,False,True,False,False,1797,yes,0.9999999970010391,yes,0.9999999928058663,Facial expressions convey a lot of information.,0.9999999958048271,0.9999999880041566,0.9999999919044918,Facial expressions convey a lot of information.
Brushing your teeth daily helps maintain good oral hygiene.,b810f62d7b,False,True,False,True,False,False,1125,yes,0.9999999999999999,yes,1.0,Brushing your teeth daily helps maintain good oral hygiene.,0.9999999999999999,0.9999999999999996,0.9999999999999997,Brushing your teeth daily helps maintain good oral hygiene.
Hard as nails,e04bebc9c5,False,True,False,True,True,False,690,no,0.5312096027588761,no,0.622459112240695,Hard as nails,0.9087504905181811,0.0038961572174673886,0.05950323337861096,Hard as nails
Beat the clock.,3acd5726ab,False,True,False,True,True,False,873,no,0.8175745789534589,yes,0.500000110853762,Beat the clock.,0.6824255319003031,0.40341445278986676,0.5246906922381933,Beat the clock.
Why buy the cow when the milk is free?,929cc245d6,False,True,False,True,True,False,839,no,0.9525741809516194,no,0.651354824072149,Why buy the cow when the milk is free?,0.6987806431205296,0.8192935570561165,0.7566415787571943,Why buy the cow when the milk is free?
Back to the drawing board.,c9b4b53cfd,False,True,False,True,True,False,547,yes,0.9982984496418218,yes,0.8354834436305592,Back to the drawing board.,0.8371849939887374,0.9932053796617728,0.9118643757718156,Back to the drawing board.
He has a heart of gold.,b52539fd8f,False,True,False,True,True,False,1495,yes,0.9968271746163597,yes,0.9995121327719741,He has a heart of gold.,0.9973150418443856,0.9873489657490991,0.992319492447404,He has a heart of gold.
He's as strong as an ox.,9ef9060650,False,True,False,True,True,False,1178,yes,0.9978172568700185,yes,0.9968273192516164,He's as strong as an ox.,0.9990100623815978,0.9912880849503601,0.995141583687665,He's as strong as an ox.
Get the ball rolling.,f94f38c06e,False,True,False,True,True,False,1006,yes,0.9995121236091215,yes,0.9999724643195872,Get the ball rolling.,0.9995396592895343,0.998049446529977,0.9987942749829324,Get the ball rolling.
A handwritten note means more than an email.,c2da598fbb,False,True,False,True,True,False,372,yes,0.9999417087562084,yes,0.9999991684720215,A handwritten note means more than an email.,0.9999425402841868,0.9997668486163098,0.9998546905912423,A handwritten note means more than an email.
You only live once (YOLO).,d0743df316,False,True,False,True,True,False,148,yes,0.9999687981112876,yes,0.9999546022024588,You only live once (YOLO).,0.9999858040911712,0.9998751963393817,0.9999304986859108,You only live once (YOLO).
Gardening is therapeutic.,9c15147cf5,False,True,False,True,True,False,1683,yes,0.9999967112532897,yes,0.9999977396772249,Gardening is therapeutic.,0.9999989715760648,0.9999868450564222,0.9999929082978618,Gardening is therapeutic.
Reading strengthens the mind.,441a32c565,False,True,False,True,True,False,1890,yes,0.9999989322979561,yes,0.9999999006880474,Reading strengthens the mind.,0.9999990316099087,0.9999957291963844,0.9999973804017832,Reading strengthens the mind.
Many people love hiking in nature.,e8374478e6,False,True,False,True,True,False,1224,yes,0.9999997897567451,yes,0.9999993524053257,Many people love hiking in nature.,0.9999995626485806,0.9999991590271572,0.9999993608378486,Many people love hiking in nature.
Cats like to sleep a lot.,8c2ff030e7,False,True,False,True,True,False,1474,yes,0.9999999123575146,yes,0.999999855502096,Cats like to sleep a lot.,0.9999999431445814,0.9999996494300892,0.9999997962873246,Cats like to sleep a lot.
Some people prefer rainy days.,710b883844,False,True,False,True,True,False,1029,yes,0.9999999748900065,yes,0.9999997897567762,Some people prefer rainy days.,0.9999998148667697,0.9999998995600284,0.9999998572133981,Some people prefer rainy days.
Reading can expand your imagination.,7da0edbbcc,False,True,False,True,True,False,2065,yes,0.9999999804443161,yes,0.9999999992417439,Reading can expand your imagination.,0.9999999812025723,0.9999999217772662,0.9999999514899187,Reading can expand your imagination.
To fall by the wayside.,4427b99275,True,False,False,True,True,False,557,yes,0.5311948568973277,no,0.9959298599727376,To fall by the wayside.,0.5352649969245901,0.003892476387378996,0.04564544184822245,To fall by the wayside.
The world is your oyster.,702bbb93ff,True,False,False,True,True,False,612,yes,0.798186765586143,no,0.9770226259147377,The world is your oyster.,0.8211641396714053,0.35566138868290154,0.5404224072446776,The world is your oyster.
Forgive and forget.,9660ab5f6d,True,False,False,True,True,False,117,no,0.9914225221938434,no,0.7981867085309742,Forgive and forget.,0.8067641863371308,0.9659843812774341,0.8827919366281421,Forgive and forget.
Much ado about nothing.,4ac0281f92,True,False,False,True,True,False,852,no,0.9875683626688486,no,0.9992903302679819,Much ado about nothing.,0.9882780324008668,0.9508916331023276,0.9694046173754358,Much ado about nothing.
Instincts should be trusted.,d133e17523,True,False,False,True,True,False,1662,no,0.9982992806770057,no,0.9959298644878734,Instincts should be trusted.,0.9976305838108677,0.9932086924928851,0.995417182761934,Instincts should be trusted.
Keep your friends close and your enemies closer,04a6d0d795,True,False,False,True,True,False,1287,yes,0.99956944324609,yes,0.999512143250853,Keep your friends close and your enemies closer,0.999942700004763,0.9982785145008333,0.9991102607553919,Keep your friends close and your enemies closer
A problem shared is a problem halved.,ce3df02b21,True,False,False,True,True,False,553,yes,0.9999151890471945,yes,0.9999646437711915,A problem shared is a problem halved.,0.9999505452760029,0.9996607849603687,0.9998056546210158,A problem shared is a problem halved.
Good news travels fast.,2d3b0c23bb,True,False,False,True,True,False,163,yes,0.9999756997743575,yes,0.9999962733650497,Good news travels fast.,0.9999794264093078,0.9999028014594339,0.9999411132004047,Good news travels fast.
"When life gives you lemons, make lemonade.",e0c6729677,True,False,False,True,True,False,789,yes,0.9999921107458494,yes,0.9999977396772398,"When life gives you lemons, make lemonade.",0.9999943710686096,0.9999684432323588,0.999981407066451,"When life gives you lemons, make lemonade."
It takes a village to raise a child.,5d206c5029,True,False,False,True,True,False,233,yes,0.9999962733614209,yes,0.9999974387188835,It takes a village to raise a child.,0.9999988346425375,0.9999850935012351,0.9999919640482837,It takes a village to raise a child.
What goes around comes around,d42e5be4cf,True,False,False,True,True,False,666,yes,0.9999987901352424,yes,0.9999994956528014,What goes around comes around,0.999999294482441,0.9999951605468247,0.9999972275124966,What goes around comes around
Discrimination is unjust.,6cb2655725,True,False,False,True,True,False,1019,yes,0.9999994956531983,yes,0.9999998724809407,Discrimination is unjust.,0.9999996231722577,0.9999979826138108,0.9999988028926978,Discrimination is unjust.
Kind words have the power to build bridges.,898b3cdd4a,True,False,False,True,True,False,292,yes,0.9999998144610487,yes,0.9999999748900065,Kind words have the power to build bridges.,0.9999998395710422,0.9999992578443324,0.999999548707645,Kind words have the power to build bridges.
Trust is hard-earned.,3044be34c2,True,False,False,True,True,False,1694,yes,0.9999999586006177,yes,0.999999872481054,Trust is hard-earned.,0.9999999138804363,0.9999998344024779,0.9999998741414563,Trust is hard-earned.
Art can be a form of self-expression.,0aae6c5c44,True,False,False,True,True,False,2063,yes,0.9999999999999999,yes,1.0,Art can be a form of self-expression.,0.9999999999999999,0.9999999999999996,0.9999999999999997,Art can be a form of self-expression.
Faith in friends will often create untap capabilities either could foresee.,923b90e65a,True,False,False,True,True,True,299,no,0.5621762957963558,no,0.9984988186978818,Faith in friends will often create untap capabilities either could foresee.,0.5636774770984739,0.015463567035823744,0.0933620075496251,Faith in friends will often create untap capabilities either could foresee.
Wise men think alike.,98b276b50b,True,False,False,True,True,True,1619,no,0.9579122392578417,no,0.5621763790138858,Wise men think alike.,0.6042641397560441,0.8387344754485236,0.7119109258120984,Wise men think alike.
Virtue is its own reward.,a06d3b0eac,True,False,False,True,True,True,308,yes,0.9525741381196768,no,0.9669140134842921,Virtue is its own reward.,0.9856601246353848,0.8192934019790733,0.8986349852457569,Virtue is its own reward.
No news is good news,a575e616d8,True,False,False,True,True,True,696,yes,0.9875683598615869,yes,0.9999930377506696,No news is good news,0.9875753221109173,0.9508916221524715,0.9690599052895541,No news is good news
"Judge not, lest ye be judged.",d133089264,True,False,False,True,True,True,416,yes,0.9975273787747431,yes,0.9975273791998113,"Judge not, lest ye be judged.",0.9999999995749318,0.9901339705218666,0.9950547573380031,"Judge not, lest ye be judged."
Uneasy lies the head that wears the crown.,d9b146b902,True,False,False,True,True,True,514,yes,0.9999869928709059,yes,0.9971990735978762,Uneasy lies the head that wears the crown.,0.9972120807269703,0.9999479721603651,0.9985790894750162,Uneasy lies the head that wears the crown.
Good fences make good neighbors.,9a76b40bc6,True,False,False,True,True,True,154,yes,0.999933947902488,yes,0.9997040431491321,Good fences make good neighbors.,0.9997700952466441,0.9997358090614704,0.9997529520070781,Good fences make good neighbors.
Imitation is the sincerest form of flattery.,61a47e8f8b,True,False,False,True,True,True,303,yes,0.9999785550619686,yes,0.9999785550615314,Imitation is the sincerest form of flattery.,0.9999999999995628,0.9999142220874161,0.9999571101237187,Imitation is the sincerest form of flattery.
"Power corrupts, and absolute power corrupts absolutely.",d946690b68,True,False,False,True,True,True,729,yes,0.9999910603130149,yes,0.9999994284997361,"Power corrupts, and absolute power corrupts absolutely.",0.9999916318132788,0.9999642415717316,0.9999779365987249,"Power corrupts, and absolute power corrupts absolutely."
Desperate times call for desperate measures.,9f50de2c9c,True,False,False,True,True,True,722,yes,0.9999987901352064,yes,0.9999999943972032,Desperate times call for desperate measures.,0.9999987957380032,0.9999951605466808,0.9999969781406902,Desperate times call for desperate measures.
"Nothing ventured, nothing gained",6c9205bc1b,True,False,False,True,True,True,1291,yes,0.9999998362622757,yes,0.9999970976909407,"Nothing ventured, nothing gained",0.999997261428665,0.9999993450492102,0.9999983032383949,"Nothing ventured, nothing gained"
Winning isn’t everything but maintaining pointed accumulation it however standalone function.,8a7d178b28,True,False,False,True,True,True,243,no,0.9999996533675988,no,0.999999922655776,Winning isn’t everything but maintaining pointed accumulation it however standalone function.,0.9999997307118228,0.9999986134708757,0.9999991720911933,Winning isn’t everything but maintaining pointed accumulation it however standalone function.
An ounce of prevention is worth a pound of cure,36d7996a65,True,False,False,True,True,True,1279,yes,0.9999999006880564,yes,0.9999997897568038,An ounce of prevention is worth a pound of cure,0.9999998890687474,0.9999996027522652,0.999999745910496,An ounce of prevention is worth a pound of cure
Actions affect future.,563fe9e929,True,False,False,True,True,True,89,yes,0.9999999468421421,yes,0.9999999715466491,Actions affect future.,0.999999975295493,0.9999997873685798,0.999999881332032,Actions affect future.
Learning from mistakes leads to growth.,a258346430,True,False,False,True,True,True,1075,yes,0.9999999918479786,yes,0.9999999961492578,Learning from mistakes leads to growth.,0.9999999956987208,0.9999999673919147,0.9999999815453176,Learning from mistakes leads to growth.
To make ends meet.,8628fef9a3,True,True,False,True,False,False,543,no,0.7310799897019181,yes,0.8670351286572668,To make ends meet.,0.8640448610446513,0.21359184656255437,0.42959624926599715,To make ends meet.
Santa Claus brings presents to children on Christmas.,020cc6760b,True,True,False,True,False,False,570,no,0.9940889334335943,yes,0.9740426425910946,Santa Claus brings presents to children on Christmas.,0.9799537091575004,0.9764954965661871,0.9782230746796101,Santa Claus brings presents to children on Christmas.
Classical music helps with concentration.,b8c9bf7b73,True,True,False,True,False,False,1458,yes,0.9989677699526175,yes,0.9991959147238861,Classical music helps with concentration.,0.9997718552287314,0.9958753418059528,0.9978216965239253,Classical music helps with concentration.
Shaking hands is a common greeting.,db6ea9e0e0,True,True,False,True,False,False,1493,yes,0.9999989322979713,yes,0.999999761763241,Shaking hands is a common greeting.,0.9999991705347303,0.9999957291964452,0.9999974498641074,Shaking hands is a common greeting.
Cheating on partners is considered taboo.,6a083af084,True,True,False,True,False,False,1490,yes,0.9999997617632631,yes,0.9999992661796879,Cheating on partners is considered taboo.,0.9999995044164248,0.9999990470532795,0.999999275734826,Cheating on partners is considered taboo.
People celebrate birthdays.,303615f33d,True,True,False,True,False,False,1518,yes,0.9999997300423883,yes,0.9999996533676003,People celebrate birthdays.,0.999999923325212,0.9999989201698447,0.9999994217474026,People celebrate birthdays.
Adults work to earn a living.,3a85d85986,True,True,False,True,False,False,1878,yes,0.9999999006880474,yes,0.9999995549155152,Adults work to earn a living.,0.9999996542274677,0.9999996027522292,0.9999996284898481,Adults work to earn a living.
Breaking the law is generally punishable.,58b7e42be0,True,True,False,True,False,False,1395,yes,0.9999998555021149,yes,0.9999999226557694,Breaking the law is generally punishable.,0.9999999328463455,0.9999994220085431,0.9999996774274117,Breaking the law is generally punishable.
Governments create laws.,e1c50fde19,True,True,False,True,False,False,1907,yes,0.9999998724810535,yes,0.9999999397642565,Governments create laws.,0.999999932716797,0.999999489924279,0.9999997113205135,Governments create laws.
Students study for exams.,a8b0b3ad3e,True,True,False,True,False,False,1500,yes,0.9999999006880436,yes,0.9999999317439627,Students study for exams.,0.9999999689440808,0.9999996027522137,0.9999997858481304,Students study for exams.
Tea is enjoyed by many people.,a009d3ecc1,True,True,False,True,False,False,1040,yes,0.9999999586006172,yes,0.9999998874648198,Tea is enjoyed by many people.,0.9999999288642026,0.9999998344024756,0.999999881633338,Tea is enjoyed by many people.
Cheating is frowned upon.,95bba552d4,True,True,False,True,False,False,1481,yes,0.9999999827421698,yes,0.9999998724810557,Cheating is frowned upon.,0.9999998897388859,0.9999999309686806,0.999999910353783,Cheating is frowned upon.
Wait for your turn in a queue.,ee5fe79630,True,True,False,True,False,False,1585,yes,0.9999999865595891,yes,0.9999999715466503,Wait for your turn in a queue.,0.9999999849870612,0.9999999462383572,0.999999965612709,Wait for your turn in a queue.
Being organized helps efficiency.,794dbf328c,True,True,False,True,False,False,1674,yes,0.9999999981810382,yes,0.999999939764254,Being organized helps efficiency.,0.9999999415832158,0.999999992724153,0.9999999671536841,Being organized helps efficiency.
Religious beliefs vary among cultures.,cc07e2debf,True,True,False,True,False,False,1903,yes,0.9999999950555493,yes,0.9999999973534262,Religious beliefs vary among cultures.,0.9999999977021231,0.9999999802221972,0.99999998896216,Religious beliefs vary among cultures.
The more the merrier.,20aef632f3,True,True,False,True,True,False,160,yes,0.5312093950101435,yes,0.9914225255425153,The more the merrier.,0.5397868694676282,0.0038961053475966567,0.04585920309703697,The more the merrier.
Relationships are about compatibility and intricate aims.,3cf4961c94,True,True,False,True,True,False,786,no,0.9399133213859278,no,0.9968273181483407,Relationships are about compatibility and intricate aims.,0.9430860032375871,0.7740949213311943,0.8544226620851945,Relationships are about compatibility and intricate aims.
Trust your instincts.,366c7968ad,True,True,False,True,True,False,397,yes,0.9953904330140138,yes,0.9999832985823803,Trust your instincts.,0.9954071344316334,0.9816467244872482,0.9885029858559108,Trust your instincts.
Reading makes you smarter.,a34bad73fb,True,True,False,True,True,False,1726,yes,0.9997388098500438,yes,0.9999990577553588,Reading makes you smarter.,0.999739752094685,0.998955512281353,0.9993475552588194,Reading makes you smarter.
Prioritizing family is essential.,43e65261ce,True,True,False,True,True,False,1693,yes,0.9999687981029088,yes,0.9999997300424086,Prioritizing family is essential.,0.9999690680605002,0.9998751963058689,0.9999221310816104,Prioritizing family is essential.
I think social media has a negative impact on mental health.,6725e2f2cb,True,True,False,True,True,False,1447,yes,0.9999945777888026,yes,0.999998932298034,I think social media has a negative impact on mental health.,0.9999956454907686,0.999978311272812,0.9999869783442304,I think social media has a negative impact on mental health.
The truth hurts.,2d7f397b78,True,True,False,True,True,False,819,yes,0.9999980052722921,yes,0.9999996533675994,The truth hurts.,0.9999983519046927,0.9999920211050841,0.9999951864998785,The truth hurts.
Voting is a civic duty.,aed59d4d01,True,True,False,True,True,False,1954,yes,0.9999990577563457,yes,0.9999992661798854,Voting is a civic duty.,0.9999997915764602,0.999996231028934,0.9999980113011124,Voting is a civic duty.
Kindness matters deeply.,e5b13b192d,True,True,False,True,True,False,99,yes,0.99999949565281,yes,0.999999946842143,Kindness matters deeply.,0.999999548810667,0.9999979826122575,0.9999987657111556,Kindness matters deeply.
People often nostalgic about their childhood.,1c46c998c9,True,True,False,True,True,False,1348,yes,0.9999998362624367,yes,0.9999999123575097,People often nostalgic about their childhood.,0.999999923904927,0.9999993450498541,0.9999996344773486,People often nostalgic about their childhood.
I feel that music can improve mood.,9a5955dd29,True,True,False,True,True,False,1811,yes,0.9999999226557789,yes,0.9999999865595889,I feel that music can improve mood.,0.99999993609619,0.9999996906231394,0.9999998133596572,I feel that music can improve mood.
Dogs are loyal pets.,af1b9b95c1,True,True,False,True,True,False,1838,yes,0.9999999397642624,yes,0.9999999468421448,Dogs are loyal pets.,0.9999999929221176,0.9999997590570641,0.999999875989584,Dogs are loyal pets.
Showing gratitude is good manners.,32e16a3505,True,True,False,True,True,False,1032,yes,0.9999999677581309,yes,0.9999999530883554,Showing gratitude is good manners.,0.9999999853302245,0.9999998710325279,0.9999999281813745,Showing gratitude is good manners.
Cheating is dishonest.,2e936f468c,True,True,False,True,True,False,1633,yes,0.9999999907625498,yes,0.9999999804443175,Cheating is dishonest.,0.9999999896817677,0.9999999630501993,0.9999999763659834,Cheating is dishonest.
Children learn by example.,bc21e26993,True,True,False,True,True,False,1742,yes,0.9999999973534263,yes,0.9999999956365377,Children learn by example.,0.9999999982831115,0.999999989413705,0.9999999938484082,Children learn by example.
Hunger is the best sauce.,c86887aa7d,True,True,False,True,True,True,1089,yes,0.8175745461022089,no,0.6513546501399579,Hunger is the best sauce.,0.8337801040377489,0.40341436932809605,0.5799645461825256,Hunger is the best sauce.
Go big or go home.,9ddc6827ab,True,True,False,True,True,True,395,no,0.9971990753248202,no,0.9914225126622579,Go big or go home.,0.9942234373374377,0.988827682015425,0.991521889293316,Go big or go home.
Kindness costs nothing.,70f62bddb1,True,True,False,True,True,True,1754,yes,0.9999151890483904,yes,0.9999996940979609,Kindness costs nothing.,0.9999154949504295,0.9996607849651515,0.9997881318464249,Kindness costs nothing.
A positive attitude attracts positive outcomes.,90b585d92e,True,True,False,True,True,True,376,yes,0.9999832985942496,yes,0.9999970976909643,A positive attitude attracts positive outcomes.,0.9999862009032853,0.9999331954927463,0.9999596978468049,A positive attitude attracts positive outcomes.
A poor workman blames his tools.,a8abb892ee,True,True,False,True,True,True,899,yes,0.9999945777836834,yes,0.9999977396773716,A poor workman blames his tools.,0.9999968381063118,0.9999783112523353,0.9999875746364174,A poor workman blames his tools.
Apologizing shows maturity.,a4224ec789,True,True,False,True,True,True,1106,yes,0.9999991684728241,yes,0.9999982396585142,Apologizing shows maturity.,0.9999990711856901,0.9999966738940622,0.9999978725391577,Apologizing shows maturity.
Acts of kindness are valued.,3383efc67e,True,True,False,True,True,True,1513,yes,0.9999997617632338,yes,0.9999998874648051,Acts of kindness are valued.,0.9999998742984287,0.9999990470531622,0.99999946067571,Acts of kindness are valued.
Offering help is kind.,bb18b54cee,True,True,False,True,True,True,1523,yes,0.9999999123578451,yes,0.9999999827421711,Offering help is kind.,0.9999999296156741,0.9999996494314113,0.9999997895235329,Offering help is kind.
Standing in line patiently shows respect for others.,fe6b33dcfe,True,True,False,True,True,True,1771,yes,0.9999999586006169,yes,0.9999998555021087,Standing in line patiently shows respect for others.,0.9999998969014918,0.9999998344024743,0.9999998656519826,Standing in line patiently shows respect for others.
Kindness begets kindness.,4b8f1f1f78,True,True,False,True,True,True,1123,yes,0.9999999748900071,yes,0.9999999006880489,Kindness begets kindness.,0.9999999257980418,0.9999998995600311,0.9999999126790363,Kindness begets kindness.
Maintaining eye contact shows confidence.,9c4b49e6bf,True,True,False,True,True,True,1156,yes,0.9999999677581283,yes,0.9999999530883562,Maintaining eye contact shows confidence.,0.9999999853302279,0.9999998710325172,0.999999928181371,Maintaining eye contact shows confidence.
Honesty breeds trust.,fe8892fbb7,True,True,False,True,True,True,747,yes,0.9999999715466497,yes,0.9999999715466518,Honesty breeds trust.,0.9999999999999979,0.9999998861866018,0.9999999430932982,Honesty breeds trust.
Pets often bring joy to their owners.,5b3406147e,True,True,False,True,True,True,1908,yes,0.9999999936511992,yes,0.999999912357659,Pets often bring joy to their owners.,0.9999999187064598,0.9999999746047968,0.999999946655628,Pets often bring joy to their owners.
A smile often indicates friendliness.,028c784ae0,True,True,False,True,True,True,1889,yes,0.9999999865595878,yes,0.9999999634651725,A smile often indicates friendliness.,0.9999999769055847,0.9999999462383519,0.9999999615719681,A smile often indicates friendliness.
Compliments can boost a person's confidence.,40288472cd,True,True,False,True,True,True,1389,yes,0.99999999902638,yes,1.0,Compliments can boost a person's confidence.,0.99999999902638,0.9999999961055202,0.99999999756595,Compliments can boost a person's confidence.
