statement,statement_r,hash,behavior,everyday,figure_of_speech,judgment,opinion,reasoning,awareness,consensus,commonsensicality
Axioms are self-evident truths forming the foundation of mathematical systems.,Axioms are self-evident truths forming the foundation of mathematical systems.,ffb0bfd6ef,0,0,0,0,0,0,0.6513793328495097,0.9999028014594614,0.8070415229274264
Fiber is the broom sweeping the digestive tract's winding hallway.,Fiber is the broom sweeping the digestive tract's winding hallway.,4c7f49a980,0,0,0,0,0,0,0.9942923633504183,0.9764955093784338,0.9853537577037769
"Geometry shapes the universe's unseen architecture, forging reality.","Geometry shapes the universe's unseen architecture, forging reality.",568f7f16ea,0,0,0,0,0,0,0.999303338333231,0.9999479721539188,0.999625603280026
Numbers weave patterns into the fabric of mathematical reality.,Numbers weave patterns into the fabric of mathematical reality.,c0f65ddc3a,0,0,0,0,0,0,0.9999760934886757,0.9998898603134119,0.9999329759714614
Physics principles are foundational to engineering and technological advancements.,Physics principles are foundational to engineering and technological advancements.,f197855d65,0,0,0,0,0,0,0.9999932940402552,0.9999142220847086,0.999953757280899
Mathematics provides a framework for understanding logical structures.,Mathematics provides a framework for understanding logical structures.,e3bc9f1334,0,0,0,0,0,0,0.9999999999887772,0.9999540854719234,0.9999770424668264
Theorems discover patterns invisible to any unaided mortal eye.,Theorems discover patterns invisible to any unaided mortal eye.,e9baf163e6,0,0,0,0,0,0,0.9999990730013233,0.9999684432567376,0.9999837580117559
Mathematics describes relationships between numbers through logical expressions.,Mathematics describes relationships between numbers through logical expressions.,f573c31c32,0,0,0,0,0,0,0.9999994377409624,0.9999808597343158,0.999990148694496
Gravity is the invisible thread stitching the fabric of reality.,Gravity is the invisible thread stitching the fabric of reality.,7b85bd8806,0,0,0,0,0,0,0.9999983075558565,0.9999951605462891,0.9999967340498349
"Laws of physics dictate the universe's symphony, from atoms to galaxies.","Laws of physics dictate the universe's symphony, from atoms to galaxies.",a2a96a90f8,0,0,0,0,0,0,0.9999985767724421,0.9999977140003068,0.9999981453862814
Friction is a force resisting the motion of objects.,Friction is a force resisting the motion of objects.,e7bf7bf118,0,0,0,0,0,0,0.9999993277139827,0.9999989201698545,0.9999991239418978
"Thermodynamics decrees energy’s restless journey, defining life’s perpetual motion.","Thermodynamics decrees energy’s restless journey, defining life’s perpetual motion.",2994bc4b46,0,0,0,0,0,0,0.9999996081880168,0.9999995498593135,0.9999995790236648
"Parabolas are nature's curves, arching through reality's unseen fabric.","Parabolas are nature's curves, arching through reality's unseen fabric.",a7a81052e8,0,0,0,0,0,0,0.9999999828916631,0.999999690623707,0.9999998367576743
"Gravity is the universe's invisible conductor, orchestrating celestial symphonies.","Gravity is the universe's invisible conductor, orchestrating celestial symphonies.",fc72e6b8cb,0,0,0,0,0,0,0.9999999957070489,0.9999998538607162,0.9999999247838801
Calculus bridges finite points with infinite horizons in nature's canvas.,Calculus bridges finite points with infinite horizons in nature's canvas.,e14cd66931,0,0,0,0,0,0,0.9999999930981306,0.9999999949993885,0.9999999940487595
"Nanotechnology is the wizard’s wand, building vast worlds from minuscule particles.","Nanotechnology is the wizard’s wand, building vast worlds from minuscule particles.",ba492a2156,0,0,0,0,1,0,0.9120396241373373,0.7740946204677764,0.8402410170291412
"Plains are Earth’s fertile canvases, painted with crops and wandering herds.","Plains are Earth’s fertile canvases, painted with crops and wandering herds.",55bbcb6f57,0,0,0,0,1,0,0.9990959114821759,0.9963591169857186,0.9977265758455182
"Friction is the hidden actor, quietly influencing motion’s stage.","Friction is the hidden actor, quietly influencing motion’s stage.",629dc9aeb5,0,0,0,0,1,0,0.9994715223323309,0.9999028015459468,0.9996871386816427
Equations are the poetry of the universe's intricate symphony.,Equations are the poetry of the universe's intricate symphony.,b5e0e5e96a,0,0,0,0,1,0,0.9999632250886005,0.9998397518001025,0.9999014865384571
Natural selection sculpts life's diversity with meticulous precision.,Natural selection sculpts life's diversity with meticulous precision.,926886507f,0,0,0,0,1,0,0.9999955615429792,0.9999986134707722,0.9999970875057115
DNA writes the poetry of life with an invisible pen.,DNA writes the poetry of life with an invisible pen.,2d89c27ae4,0,0,0,0,1,0,0.9999992005438233,0.9999977140002451,0.999998457271758
Energy flows like rivers merging into the sea of existence.,Energy flows like rivers merging into the sea of existence.,d2e23057ac,0,0,0,0,1,0,0.9999997651583568,0.9999982196614609,0.9999989924096102
Genetic codes are the universe's whisperings captured in molecular script.,Genetic codes are the universe's whisperings captured in molecular script.,c27e619ee9,0,0,0,0,1,0,0.999999863610768,0.9999986134708211,0.9999992385405991
"The triangle's sum is an eternal truth, defying dimensions.","The triangle's sum is an eternal truth, defying dimensions.",a530a4d200,0,0,0,0,1,0,0.9999998171051118,0.9999993450497608,0.9999995810774085
Gravity's pull is the silent conductor orchestrating life's dance.,Gravity's pull is the silent conductor orchestrating life's dance.,5061b3c542,0,0,0,0,1,0,0.999999934516899,0.9999996906231372,0.9999998125700106
Infinity is the enigmatic horizon mathematicians endlessly chase.,Infinity is the enigmatic horizon mathematicians endlessly chase.,78a95cb3db,0,0,0,0,1,0,0.999999983020856,0.9999998538606869,0.9999999184407694
Calculus bridges the finite with the infinite beyond mere ocular gaze.,Calculus bridges the finite with the infinite beyond mere ocular gaze.,6d4cab4ff6,0,0,0,0,1,0,0.9999999856246663,0.9999999113620344,0.9999999484933496
Motion is life's unceasing dialogue with the fabric of space-time.,Motion is life's unceasing dialogue with the fabric of space-time.,3b2c673e58,0,0,0,0,1,0,0.9999999727026283,0.9999999630501958,0.999999967876412
Genetic variance writes the unique poetry of human existence.,Genetic variance writes the unique poetry of human existence.,34e0f29b53,0,0,0,0,1,0,0.9999999820140549,0.9999999581303878,0.9999999700722213
"Deserts are nature's blank canvases, awaiting time's brushstrokes.","Deserts are nature's blank canvases, awaiting time's brushstrokes.",0708c36c58,0,0,0,0,1,0,0.9999999987958317,0.9999999845970319,0.9999999916964317
"Fiber sweeps the cellular garden, ensuring paths of well-being are clear.","Fiber sweeps the cellular garden, ensuring paths of well-being are clear.",61858ad0cd,0,0,0,1,0,0,0.988278008322113,0.9971633390934082,0.9927107326563268
Infinity is a mathematical concept that teases the limits of comprehension.,Infinity is a mathematical concept that teases the limits of comprehension.,177ef3f3e3,0,0,0,1,0,0,0.9972651229569144,0.9997358091023052,0.9984997018471466
Statistical models paint pictures with the palette of numbers.,Statistical models paint pictures with the palette of numbers.,9684a07f37,0,0,0,1,0,0,0.9998209764240132,0.9999979826121607,0.9999094756013336
Geographical boundaries often define cultural identities.,Geographical boundaries often define cultural identities.,fac87e926d,0,0,0,1,0,0,0.9999958373812907,0.9999850935137601,0.9999904654330964
"Mathematics deciphers the universe's secret code, unlocking endless mysteries.","Mathematics deciphers the universe's secret code, unlocking endless mysteries.",c575d10a20,0,0,0,1,0,0,0.9999991990619017,0.9999897549018474,0.9999944769707254
Coding languages are architects scripting the blueprint of digital realities.,Coding languages are architects scripting the blueprint of digital realities.,c1dec0035a,0,0,0,1,0,0,0.9999930529885442,0.9999962310285871,0.9999946420073031
Ritual harmony is akin to rhythmic biological processes in living organisms.,Ritual harmony is akin to rhythmic biological processes in living organisms.,6db4b81353,0,0,0,1,0,0,0.9999995000207733,0.9999909587386068,0.9999952293705708
"Social stratification forms the layers of societal geology, shaped by cumulative behaviors.","Social stratification forms the layers of societal geology, shaped by cumulative behaviors.",475690db84,0,0,0,1,0,0,0.999995409311683,0.9999966738912245,0.9999960416012538
"Robotics redefines traditional labor, challenging economic and societal landscapes.","Robotics redefines traditional labor, challenging economic and societal landscapes.",4a9559f14a,0,0,0,1,0,0,0.9999999473022219,0.9999992578443195,0.9999996025732113
A theorem provides a proven statement within a mathematical framework.,A theorem provides a proven statement within a mathematical framework.,be91e0d46b,0,0,0,1,0,0,0.9999999342547101,0.9999994220084871,0.9999996781315658
"Artificial intelligence mimics human reasoning, expanding technological frontiers.","Artificial intelligence mimics human reasoning, expanding technological frontiers.",b41d7e522b,0,0,0,1,0,0,0.9999999919797082,0.9999997590570214,0.999999875518358
Arithmetic is the skeleton holding up the flesh of comprehension.,Arithmetic is the skeleton holding up the flesh of comprehension.,f3c585a900,0,0,0,1,0,0,0.999999942087539,0.9999998344027812,0.9999998882451586
Technology shapes human perception through algorithms and tailored experiences.,Technology shapes human perception through algorithms and tailored experiences.,b05e40f350,0,0,0,1,0,0,0.9999999829881125,0.9999998710325296,0.9999999270103196
"Mathematics unveils patterns beyond our sensory grasp, like hidden stars at dawn.","Mathematics unveils patterns beyond our sensory grasp, like hidden stars at dawn.",99c6a554ac,0,0,0,1,0,0,0.9999999829881089,0.9999999390800762,0.9999999610340923
Quantum mechanics weaves reality with threads of probability and uncertainty.,Quantum mechanics weaves reality with threads of probability and uncertainty.,9bdbd9a8d4,0,0,0,1,0,0,0.9999999907625498,0.9999999630501989,0.9999999769063742
"Life is a river flowing, guided by nature's unseen hand.","Life is a river flowing, guided by nature's unseen hand.",2440d2a2be,0,0,0,1,1,0,0.5953496127647866,3.68594044175552e-14,1.4813585705943094e-07
"The cloud is the library, storing humanity’s collective knowledge in virtual shelves.","The cloud is the library, storing humanity’s collective knowledge in virtual shelves.",91b743beaf,0,0,0,1,1,0,0.5621833412731512,0.9999721511935463,0.7497784240281181
"Fitness is the mountain, challenging, yet conquerable over time.","Fitness is the mountain, challenging, yet conquerable over time.",bc96c81b00,0,0,0,1,1,0,0.9926710991980138,0.9659843365729454,0.9792368116007127
"Exercise gives the body wings, a hyperbole of newfound freedom.","Exercise gives the body wings, a hyperbole of newfound freedom.",b3b4c32dae,0,0,0,1,1,0,0.9969671322455517,0.9873495046227164,0.9921466646357159
"Mountains are Earth's ancient storytellers, whispering tales of eons past.","Mountains are Earth's ancient storytellers, whispering tales of eons past.",9b5d016d9b,0,0,0,1,1,0,0.9978626850590875,0.9998184170018046,0.9988400723644137
Language is the glue binding the bricks of human interaction and understanding.,Language is the glue binding the bricks of human interaction and understanding.,9e684c21f9,0,0,0,1,1,0,0.9993256870520097,0.9998585801732086,0.9995920981012398
Mathematics is the lens clarifying the chaos of the cosmic puzzle.,Mathematics is the lens clarifying the chaos of the cosmic puzzle.,bc66e3bab3,0,0,0,1,1,0,0.9999875213566295,0.9999909587293679,0.9999892400415218
"Technology is the silent architect, designing tomorrow’s realities today.","Technology is the silent architect, designing tomorrow’s realities today.",dae2df22e8,0,0,0,1,1,0,0.9999995587692971,0.9999920211043949,0.9999957899297439
"Breath is the rhythm of life, sustaining humanity's unending melody.","Breath is the rhythm of life, sustaining humanity's unending melody.",c9973f9fe4,0,0,0,1,1,0,0.999998190810643,0.9999992578442582,0.9999987243273083
"The immune system is a vigilant guardian, ever-watchful against invading threats.","The immune system is a vigilant guardian, ever-watchful against invading threats.",f0449433ea,0,0,0,1,1,0,0.9999987927812564,0.9999993450492479,0.9999990689152141
"Caloric balance is life's ledger, always speaking the truth.","Caloric balance is life's ledger, always speaking the truth.",f6a024d0da,0,0,0,1,1,0,0.9999998937798883,0.9999993450498932,0.9999996194148532
"Regular exercise is the elixir of youth, defying time's relentless march.","Regular exercise is the elixir of youth, defying time's relentless march.",3017e1f24c,0,0,0,1,1,0,0.9999996899023419,0.9999998538609804,0.9999997718816578
Consciousness is the vibrant dance of neurons in cognitive harmony.,Consciousness is the vibrant dance of neurons in cognitive harmony.,56d9320238,0,0,0,1,1,0,0.9999999897017323,0.9999996906231368,0.9999998401624234
"Demographic shifts are the invisible tide, shaping economies without asking permission.","Demographic shifts are the invisible tide, shaping economies without asking permission.",130d14beb4,0,0,0,1,1,0,0.9999999682176054,0.9999998861866058,0.9999999272021048
Mathematics: the philosopher's chisel sculpting the marble of cosmic order.,Mathematics: the philosopher's chisel sculpting the marble of cosmic order.,520c27e08d,0,0,0,1,1,0,0.9999999957970392,0.999999963050198,0.9999999794236185
Hydration is essential for optimal bodily functions.,Hydration is essential for optimal bodily functions.,98c84ac4d7,0,1,0,0,0,0,0.6823513570249102,0.128419990545117,0.2960195176294744
Genetic information is encoded in DNA molecules.,Genetic information is encoded in DNA molecules.,72d59cb7bb,0,1,0,0,0,0,0.9048300921277028,0.9992820179444382,0.9508840309723487
"Gravity is the orchestra conductor, ensuring celestial bodies don’t miss a beat.","Gravity is the orchestra conductor, ensuring celestial bodies don’t miss a beat.",200f86944b,0,1,0,0,0,0,0.9947888241040549,0.9999642415694792,0.9973731759060924
A triangle’s interior angles sum to 180 degrees.,A triangle’s interior angles sum to 180 degrees.,05d2263794,0,1,0,0,0,0,0.9995635859981461,0.9997942418091942,0.9996789072512713
"Electricity flows through conductive materials, powering devices.","Electricity flows through conductive materials, powering devices.",5d61a8be2e,0,1,0,0,0,0,0.999827434683588,0.9999721512224091,0.9998997903348766
"The poles are Earth's icy crowns, reigning over winter's kingdom.","The poles are Earth's icy crowns, reigning over winter's kingdom.",9039cbde29,0,1,0,0,0,0,0.999996764385543,0.9999721511951588,0.9999844577146236
Algebra involves solving equations and understanding functions.,Algebra involves solving equations and understanding functions.,7f1ff7afc5,0,1,0,0,0,0,0.9999985712043111,0.9999909587292036,0.9999947649595136
"Forests are Earth's lungs, inhaling carbon and exhaling life.","Forests are Earth's lungs, inhaling carbon and exhaling life.",07df948da7,0,1,0,0,0,0,0.9999988368001408,0.9999966738909345,0.9999977553449528
Probability measures event likelihoods within a defined sample space.,Probability measures event likelihoods within a defined sample space.,5f0bfc70d2,0,1,0,0,0,0,0.9999993773823873,0.9999982196629725,0.9999987985225124
Hydrological cycles distribute water through Earth's ecosystems.,Hydrological cycles distribute water through Earth's ecosystems.,f81474ed32,0,1,0,0,0,0,0.9999992022542085,0.9999994220084649,0.9999993121313306
Longitude measures how far a point is east or west of the Prime Meridian.,Longitude measures how far a point is east or west of the Prime Meridian.,4678bdf74a,0,1,0,0,0,0,0.9999996824346257,0.9999994899237985,0.9999995861792075
Empirical evidence demonstrates scientific laws governing nature.,Empirical evidence demonstrates scientific laws governing nature.,2fc8daff22,0,1,0,0,0,0,0.999999861074953,0.9999996027530437,0.9999997319139899
Genetic mutations can result in evolutionary adaptations or defects.,Genetic mutations can result in evolutionary adaptations or defects.,df9b4e5dbf,0,1,0,0,0,0,0.999999932716798,0.9999997590570405,0.9999998458869155
High fiber intake promotes digestive health and regularity.,High fiber intake promotes digestive health and regularity.,71e55975f9,0,1,0,0,0,0,0.9999999764910997,0.9999998861865992,0.9999999313388485
Moderate caffeine intake can enhance physical endurance temporarily.,Moderate caffeine intake can enhance physical endurance temporarily.,1cc93678dd,0,1,0,0,0,0,0.9999999986628854,0.9999999917553852,0.9999999952091353
Digital communication alters traditional social interaction and cultural constructs.,Digital communication alters traditional social interaction and cultural constructs.,38aa1ddc39,0,1,0,1,0,0,0.9413118680231515,0.0916331900465609,0.29369271236387307
Proper hygiene helps reduce the spread of infectious diseases.,Proper hygiene helps reduce the spread of infectious diseases.,7871a42f0d,0,1,0,1,0,0,0.9921318492580719,0.9659830348187528,0.9789701398340267
"Smart devices integrate seamlessly into daily lives, influencing human behaviors.","Smart devices integrate seamlessly into daily lives, influencing human behaviors.",330b7ff61c,0,1,0,1,0,0,0.9860024230419222,0.9997358089787892,0.9928453706669848
Observation reveals patterns in everyday life activities.,Observation reveals patterns in everyday life activities.,dcdda736bd,0,1,0,1,0,0,0.9991036888209117,0.9963591194632754,0.9977304604181001
Social media impacts daily communication and information sharing.,Social media impacts daily communication and information sharing.,f8803accf5,0,1,0,1,0,0,0.9996248010446865,0.9999808597349917,0.9998028145394899
A stop sign means drivers must halt before proceeding.,A stop sign means drivers must halt before proceeding.,4c7db40c7c,0,1,0,1,0,0,0.999978642704519,0.9999996494300768,0.999989146012137
"Electricity powers homes and businesses, enabling modern conveniences.","Electricity powers homes and businesses, enabling modern conveniences.",3d60b3b453,0,1,0,1,0,0,0.9999968448716627,0.9999957291968502,0.9999962870341008
Digital interfaces bridge human experiences with technological advancements.,Digital interfaces bridge human experiences with technological advancements.,ff8f5a5af5,0,1,0,1,0,0,0.9999997053508899,0.9999974096233053,0.9999985574864388
Numbers and operations form the base of arithmetic principles.,Numbers and operations form the base of arithmetic principles.,0dab1697d3,0,1,0,1,0,0,0.9999996401505915,0.9999994220085573,0.9999995310795684
Computers perform calculations with incredible speed and accuracy.,Computers perform calculations with incredible speed and accuracy.,f99c7f82da,0,1,0,1,0,0,0.9999998918052573,0.9999992578442769,0.9999995748247168
Biometrics unlock the unique map of personal identity.,Biometrics unlock the unique map of personal identity.,68ee6ded04,0,1,0,1,0,0,0.9999999609236899,0.9999997590574669,0.9999998599905733
Proper posture decreases back pain and improves overall alignment.,Proper posture decreases back pain and improves overall alignment.,6e4de3c2bb,0,1,0,1,0,0,0.9999998877438313,0.9999998710325327,0.9999998793881819
Sleep impacts energy levels and cognitive function.,Sleep impacts energy levels and cognitive function.,a5269dd9ce,0,1,0,1,0,0,0.999999988575168,0.9999998995600342,0.9999999440676001
Proper nutrition fuels workouts and aids recovery.,Proper nutrition fuels workouts and aids recovery.,116b65d58b,0,1,0,1,0,0,0.9999999867766317,0.9999999390800762,0.9999999629283537
Economies fluctuate based on supply and demand dynamics.,Economies fluctuate based on supply and demand dynamics.,b486595685,0,1,0,1,0,0,0.9999999892061634,0.9999999894137046,0.999999989309934
"Renewable energy is the future’s promise, powering dreams sustainably.","Renewable energy is the future’s promise, powering dreams sustainably.",d6c28a3454,0,1,0,1,1,0,0.8616056272193405,0.25992665721743236,0.4732380696043508
"Electricity hums invisibly, powering the buzzing hive of human activity.","Electricity hums invisibly, powering the buzzing hive of human activity.",fa7381b5ae,0,1,0,1,1,0,0.9580084020057533,0.9996156275848332,0.9785909104434418
Symbols in religious art echo psychological interpretations of visual perception.,Symbols in religious art echo psychological interpretations of visual perception.,492100194f,0,1,0,1,1,0,0.9999568624780798,0.9998184168647885,0.9998876372752664
The Industrial Revolution transformed economies and societies globally.,The Industrial Revolution transformed economies and societies globally.,b15514a183,0,1,0,1,1,0,0.9999230783040641,0.9999684432275432,0.9999457605085427
"Fitness is the currency, paying dividends in enhanced quality of life.","Fitness is the currency, paying dividends in enhanced quality of life.",2db54ef8a1,0,1,0,1,1,0,0.9999984716343052,0.9999540854754805,0.9999762783086207
Sleep rejuvenates like water to a parched landscape.,Sleep rejuvenates like water to a parched landscape.,fe076c3d2d,0,1,0,1,1,0,0.999997676958077,0.9999897549115981,0.9999937159269926
Nutrition is the kaleidoscope coloring health’s evolving landscape.,Nutrition is the kaleidoscope coloring health’s evolving landscape.,896ce2968f,0,1,0,1,1,0,0.9999988145834287,0.9999945161853613,0.9999966653820854
Walking is the bridge connecting mind and body harmony.,Walking is the bridge connecting mind and body harmony.,6b6c7b04de,0,1,0,1,1,0,0.999999135100449,0.9999962310284544,0.9999976830633975
"Waterfalls are the world's natural symphonies, singing timeless songs of gravity.","Waterfalls are the world's natural symphonies, singing timeless songs of gravity.",f7d2dceee2,0,1,0,1,1,0,0.9999998884388069,0.9999979826122521,0.9999989355250755
"3D printing is the creator’s tool, crafting objects from imagination.","3D printing is the creator’s tool, crafting objects from imagination.",4d3446d5fe,0,1,0,1,1,0,0.9999996583080878,0.9999987763922679,0.9999992173500806
Nutrition is the compass guiding life's journey toward wellness.,Nutrition is the compass guiding life's journey toward wellness.,20e85d3d39,0,1,0,1,1,0,0.9999998738976374,0.9999994899241791,0.9999996819108898
"Sleep is the magic spell, rejuvenating the body from daily duels.","Sleep is the magic spell, rejuvenating the body from daily duels.",6238e3b39f,0,1,0,1,1,0,0.999999895617035,0.9999995498601035,0.9999997227385543
"Endorphins are nature’s euphoria, elevating mood after physical exertion’s symphony.","Endorphins are nature’s euphoria, elevating mood after physical exertion’s symphony.",071597d850,0,1,0,1,1,0,0.9999999045184559,0.9999997269758758,0.9999998157471619
"Renewable energy is the earth’s whisper, a gentle beckoning toward sustainability.","Renewable energy is the earth’s whisper, a gentle beckoning toward sustainability.",46386fd46f,0,1,0,1,1,0,0.9999999786556053,0.9999998123534394,0.9999998955045188
Numbers pitch an invisible symphony in the theater of nature.,Numbers pitch an invisible symphony in the theater of nature.,ab2a0d7882,0,1,0,1,1,0,0.9999999977021232,0.9999999802221972,0.9999999889621601
"Memory is the scrapbook of the mind, preserving snapshots of our past.","Memory is the scrapbook of the mind, preserving snapshots of our past.",01bb9ed156,1,0,0,1,1,0,0.5340099888010039,0.0038960233799986144,0.045612667116948
Faiths across cultures form the latticework intertwining human experiences and cosmic laws.,Faiths across cultures form the latticework intertwining human experiences and cosmic laws.,f48e15d2fc,1,0,0,1,1,0,0.9695740620576005,0.9102023612792403,0.9394192890929655
Social norms are invisible scripts directing the play of daily life.,Social norms are invisible scripts directing the play of daily life.,8c4773b625,1,0,0,1,1,0,0.9895658320177464,0.9977901095475915,0.9936694621117933
Belief systems provide frameworks for understanding the world.,Belief systems provide frameworks for understanding the world.,1c5eafa535,1,0,0,1,1,0,0.9999693160221284,0.9989555122103709,0.9994622855723669
Religious doctrines provide frameworks within the vastness of existential chaos.,Religious doctrines provide frameworks within the vastness of existential chaos.,24912baece,1,0,0,1,1,0,0.9999899584187314,0.9998184169852851,0.9999041840233478
"Opinions reflect personal beliefs, not objectively provable truths.","Opinions reflect personal beliefs, not objectively provable truths.",7373cc171f,1,0,0,1,1,0,0.9999958505583385,0.9999754234729298,0.9999856369634752
"Time’s relentless march shapes all, carving both rock and resolve.","Time’s relentless march shapes all, carving both rock and resolve.",a43170480e,1,0,0,1,1,0,0.9999988580325667,0.9999929586455119,0.9999959083346889
Cognitive dissonance is the mind's storm clashing belief and evidence.,Cognitive dissonance is the mind's storm clashing belief and evidence.,4d2602289d,1,0,0,1,1,0,0.9999992944823713,0.9999951605466031,0.999997227512351
Religious symbolism conveys complex ideas beyond literal interpretations.,Religious symbolism conveys complex ideas beyond literal interpretations.,52211ddb6e,1,0,0,1,1,0,0.9999983980596006,0.9999984288566973,0.9999984134581488
The heart is a compass guiding the journey of human emotion.,The heart is a compass guiding the journey of human emotion.,4f5702dc2e,1,0,0,1,1,0,0.9999999477011131,0.9999982196613245,0.9999990836808456
Faith in religious principles may not be empirically demonstrable.,Faith in religious principles may not be empirically demonstrable.,95f6c02718,1,0,0,1,1,0,0.9999997517118979,0.9999994220084787,0.9999995868601748
Logic helps derive conclusions through reasoned analysis.,Logic helps derive conclusions through reasoned analysis.,3488b835f1,1,0,0,1,1,0,0.9999999296154995,0.9999996494307087,0.9999997895230943
"Humans are social animals, thriving in the web of collective consciousness.","Humans are social animals, thriving in the web of collective consciousness.",7e89f207c4,1,0,0,1,1,0,0.9999999197066857,0.9999998710325141,0.9999998953695995
Self-awareness grows through introspection and understanding personal experiences.,Self-awareness grows through introspection and understanding personal experiences.,4e3c3ab70c,1,0,0,1,1,0,0.9999999973961912,0.9999999217772755,0.9999999595867326
Logic assembles the jigsaw puzzle of reason to reveal truth.,Logic assembles the jigsaw puzzle of reason to reveal truth.,f219622cde,1,0,0,1,1,0,0.9999999905062182,0.9999999961055197,0.999999993305869
Opinions on art are subjective and culturally influenced.,Opinions on art are subjective and culturally influenced.,e49b729c79,1,1,0,1,1,0,0.5409177637411858,0.9615430903904997,0.7211905006271353
Scientific facts prove validity independent of personal opinion.,Scientific facts prove validity independent of personal opinion.,7e3eda4eed,1,1,0,1,1,0,0.7570160067091571,0.8988656662889397,0.8248973858984031
Shopping decisions are often influenced by marketing and advertising.,Shopping decisions are often influenced by marketing and advertising.,1d94c78e54,1,1,0,1,1,0,0.9779336690991155,0.9963591158790801,0.987103401843991
People value honesty in personal and professional relationships.,People value honesty in personal and professional relationships.,b8404921d5,1,1,0,1,1,0,0.9999621889238125,0.9996156279061783,0.9997888933987581
Music evokes emotions and connects across cultural boundaries.,Music evokes emotions and connects across cultural boundaries.,4afbc38ef0,1,1,0,1,1,0,0.9999155357524635,0.9999986134708047,0.9999570737488586
Spiritual awakenings parallel psychological states observable through consciousness studies.,Spiritual awakenings parallel psychological states observable through consciousness studies.,47a4f220d4,1,1,0,1,1,0,0.9999729434592174,0.9999479722065749,0.9999604577549477
"Music evokes emotions, resonating differently with individuals.","Music evokes emotions, resonating differently with individuals.",ce99d467b6,1,1,0,1,1,0,0.9999848014874413,0.9999850935157114,0.9999849475015657
Personal preferences guide choices in everyday life.,Personal preferences guide choices in everyday life.,5df42f2986,1,1,0,1,1,0,0.9999973079357689,0.9999883908039308,0.9999928493599104
Language conveys thoughts and ideas in human interactions.,Language conveys thoughts and ideas in human interactions.,16775d9c4c,1,1,0,1,1,0,0.9999983075557004,0.9999883907975128,0.9999933491643138
Individual preferences can clash with societal expectations.,Individual preferences can clash with societal expectations.,95b0a6c661,1,1,0,1,1,0,0.9999998395709829,0.999999257844101,0.9999995487074996
Museum exhibits reflect cultural history and artistic evolution.,Museum exhibits reflect cultural history and artistic evolution.,40004bab94,1,1,0,1,1,0,0.9999997709515155,0.9999993450497733,0.9999995580006217
Culture influences how people interpret and appreciate the arts.,Culture influences how people interpret and appreciate the arts.,99a4d13366,1,1,0,1,1,0,0.9999999179460629,0.9999996027529757,0.9999997603495069
"Nutritional advice often reflects societal views, not definitive truths.","Nutritional advice often reflects societal views, not definitive truths.",0997225966,1,1,0,1,1,0,0.999999988330537,0.9999996494301003,0.9999998188803043
Film and cinema explore cultural themes and human experiences.,Film and cinema explore cultural themes and human experiences.,6d254d543c,1,1,0,1,1,0,0.9999998429143849,0.9999998861865979,0.9999998645504912
Public art installations stimulate cultural discourse and community engagement.,Public art installations stimulate cultural discourse and community engagement.,4279400578,1,1,0,1,1,0,0.9999999971113499,0.9999999630501976,0.9999999800807736
